Age,Gender,Your top 3 preferred music genres,Does your current activity demand your concentration,How are you feeling right now about your level of Happiness,How are you feeling right now about your level of Energy,How do you think listening to this song could affect your level of Happiness,How do you think listening to this song could affect your level of Energy,Song,Artist,Genre,danceability,energy,key,loudness,mode,speechiness,acousticness,instrumentalness,liveness,valence,tempo,duration_ms,time_signature,id_Spotify,Link_Spotify,Link_YouTube
37,Male,"Blues,Instrumental-Classical,Rock",some concentration,happy,calm,I keep the same,I keep the same,No habr nadie en el mundo,Buika,Latin,0.912,0.532,10,-8.871,0,0.036,0.751,0,0.0868,0.785,129.978,232827,4,0MTWY6gyLmeEHyYJGqM5hU,https://open.spotify.com/track/0MTWY6gyLmeEHyYJGqM5hU,https://youtu.be/B8SVDn34vVQ?t=13
35,Female,"Blues,Jazz,Reggae",some concentration,happy,neutral,I get happier,I feel with more energy,Il Mondo,Jimmy Fontana,Vocal,0.188,0.524,2,-10.043,1,0.0367,0.314,0,0.41,0.402,175.971,162773,4,4g8VQKQwS2JfK2dnEhbQmL,https://open.spotify.com/track/4g8VQKQwS2JfK2dnEhbQmL,https://youtu.be/E92bmikkFpU?t=5
37,Male,"Jazz,Reggaeton,Rock","yes, my full concentration",neutral,with some energy,I get happier,I feel with more energy,Sexy And I Know It,LMFAO,Dance,0.702,0.848,7,-4.227,1,0.302,0.103,0,0.202,0.785,130.06,201267,4,5tGFmUFsBBSPvj5ZLQ686F,https://open.spotify.com/track/5tGFmUFsBBSPvj5ZLQ686F,https://youtu.be/wyx6JDQCslE?t=11
23,Female,"Instrumental-Classical,Rock,Vocal",some concentration,neutral,neutral,I keep the same,I get more relaxed,We are the People,Empire of the Sun,Dance,0.675,0.781,4,-5.404,0,0.0306,0.0801,0.0143,0.422,0.534,122.989,267373,4,3zEN0ii6s4DHHBpnTp3RP7,https://open.spotify.com/track/3zEN0ii6s4DHHBpnTp3RP7,https://youtu.be/hN5X4kGhAtU?t=40
30,Male,"Dance,Pop,Rock","yes, my full concentration",happy,neutral,I get happier,I get more relaxed,My sweet lord,George Harrison,Blues,0.538,0.704,1,-8.904,0,0.0332,0.0794,0,0.0867,0.583,120.963,281227,4,0qdQUeKVyevrbKhAo0ibxS,https://open.spotify.com/track/0qdQUeKVyevrbKhAo0ibxS,https://youtu.be/SP9wms6oEMo?t=29
31,Female,"Pop,Reggaeton,Rock","yes, my full concentration",happy,with some energy,I keep the same,I feel with more energy,Vente Pa'Ca,Ricky Martin,Reggaeton,0.663,0.92,11,-4.07,0,0.226,0.00431,0.0000169,0.101,0.533,99.935,259196,4,7DM4BPaS7uofFul3ywMe46,https://open.spotify.com/track/7DM4BPaS7uofFul3ywMe46,https://youtu.be/iOe6dI2JhgU?t=40
27,Female,"Dance,Reggaeton,Rock","yes, my full concentration",neutral,with some energy,I get happier,I feel with more energy,Enter Sandman,Metallica,Hard Rock,0.577,0.828,6,-8.691,0,0.0298,0.00213,0.0114,0.0581,0.604,123.257,331267,4,5sICkBXVmaCQk5aISGR3x1,https://open.spotify.com/track/5sICkBXVmaCQk5aISGR3x1,https://youtu.be/CD-E-LDc384?t=40
30,Male,"Latin,Pop,Rock","yes, my full concentration",neutral,with some energy,I get happier,I feel with more energy,Somebody That I Used To Know,Gotye & Kimbra,Pop,0.857,0.517,0,-6.972,1,0.0384,0.565,0.000195,0.102,0.754,129.063,244973,4,4wCmqSrbyCgxEXROQE6vtV,https://open.spotify.com/track/4wCmqSrbyCgxEXROQE6vtV,https://youtu.be/8UVNT4wvIGY?t=19
23,Male,"Pop,Reggaeton,Rock",some concentration,very happy,with some energy,I get happier,I feel with more energy,We will Rock You,Queen,Rock,0.698,0.398,11,-10.584,0,0.0694,0.585,0,0.175,0.512,81.269,122093,4,4fVn54cP0hasdSHuJthQj1,https://open.spotify.com/track/4fVn54cP0hasdSHuJthQj1,https://youtu.be/-tJYN-eG1zk?t=5
36,Male,"Hard Rock,Reggae,Rock","yes, my full concentration",happy,with a lot of energy,I get happier,I keep the same,We are the People,Empire of the Sun,Dance,0.675,0.781,4,-5.404,0,0.0306,0.0801,0.0143,0.422,0.534,122.989,267373,4,3zEN0ii6s4DHHBpnTp3RP7,https://open.spotify.com/track/3zEN0ii6s4DHHBpnTp3RP7,https://youtu.be/hN5X4kGhAtU?t=40
24,Female,"Dance,Pop,Rock",some concentration,happy,neutral,I get less happy,I get more relaxed,The End,The Doors,Blues,0.347,0.302,0,-12.104,1,0.0291,0.163,0.0000917,0.14,0.0332,105.702,703373,4,5UgT7w6zVZjP3oyawMzbiK,https://open.spotify.com/track/5UgT7w6zVZjP3oyawMzbiK,https://youtu.be/JSUIQgEVDM4?t=50
30,Female,"Latin,Pop,Rock","yes, my full concentration",happy,neutral,I get happier,I keep the same,Mr. Brightside,The Killers,Rock,0.355,0.918,1,-4.36,1,0.0746,0.00119,0,0.0971,0.24,148.114,222200,4,3n3Ppam7vgaVa1iaRUc9Lp,https://open.spotify.com/track/3n3Ppam7vgaVa1iaRUc9Lp,https://youtu.be/gGdGFtwCNBE?t=5
33,Male,"Dance,Reggae,Rock","yes, my full concentration",happy,neutral,I get less happy,I keep the same,Persiana Americana,Soda,Rock,0.574,0.938,4,-4.98,0,0.0466,0.0164,0.0000476,0.0804,0.512,100.93,295000,4,4iPA2yB8bK7T770EkkOi7s,https://open.spotify.com/track/4iPA2yB8bK7T770EkkOi7s,https://youtu.be/WSUU_iB9iH8?t=17
27,Female,"Dance,Latin,Reggaeton","yes, my full concentration",happy,with some energy,I get happier,I feel with more energy,Wake Me Up,Avicii,Dance,0.518,0.784,2,-5.659,1,0.0524,0.00346,0.00187,0.171,0.588,124.102,247427,4,4h8VwCb1MTGoLKueQ1WgbD,https://open.spotify.com/track/4h8VwCb1MTGoLKueQ1WgbD,https://youtu.be/IcrbM1l_BoI?t=6
36,Male,"Dance,Jazz,Rock","yes, my full concentration",neutral,calm,I get happier,I keep the same,Wonderwall,Oasis,Rock,0.407,0.889,6,-4.362,0,0.0325,0.000691,0,0.189,0.699,174.585,258080,4,37QocLRDF8iFO7pMp1RFrF,https://open.spotify.com/track/37QocLRDF8iFO7pMp1RFrF,https://youtu.be/bx1Bh8ZvH84?t=30
31,Female,"Dance,Pop,Rock",some concentration,happy,with some energy,I keep the same,I keep the same,We will Rock You,Queen,Rock,0.698,0.398,11,-10.584,0,0.0694,0.585,0,0.175,0.512,81.269,122093,4,4fVn54cP0hasdSHuJthQj1,https://open.spotify.com/track/4fVn54cP0hasdSHuJthQj1,https://youtu.be/-tJYN-eG1zk?t=5
22,Female,"Pop,Reggaeton,Rock",some concentration,happy,with some energy,I get happier,I feel with more energy,No le Pegue a la Negra,Varios,latin,0.787,0.788,0,-9.997,0,0.0462,0.525,0.000175,0.0626,0.872,101.913,276320,4,4VZlzYNRyweaQpDIHE07GD,https://open.spotify.com/track/4VZlzYNRyweaQpDIHE07GD,https://youtu.be/PqmLPeL8aj4?t=10
37,Female,"Dance,Instrumental-Classical,Rock","yes, my full concentration",not so happy,very calm,I get happier,I get more relaxed,Just the Way You Are,Bruno Mars,Pop,0.637,0.843,5,-5.413,1,0.0432,0.0151,0,0.0876,0.434,109.012,220733,4,7BqBn9nzAq8spo5e7cZ0dJ,https://open.spotify.com/track/7BqBn9nzAq8spo5e7cZ0dJ,https://youtu.be/LjhCEhWiKXk?t=27
26,Male,"Blues,Rock,Vocal",some concentration,very happy,with some energy,I keep the same,I feel with more energy,Wonderwall,Oasis,Rock,0.407,0.889,6,-4.362,0,0.0325,0.000691,0,0.189,0.699,174.585,258080,4,37QocLRDF8iFO7pMp1RFrF,https://open.spotify.com/track/37QocLRDF8iFO7pMp1RFrF,https://youtu.be/bx1Bh8ZvH84?t=30
33,Male,"Dance,Reggaeton,Rock","yes, my full concentration",happy,neutral,I get happier,I feel with more energy,Gangnam Style,PSY,Dance,0.736,0.939,11,-2.812,0,0.284,0.0055,0,0.0905,0.761,132.07,219493,4,03UrZgTINDqvnUMbbIMhql,https://open.spotify.com/track/03UrZgTINDqvnUMbbIMhql,https://youtu.be/9bZkp7q19f0?t=6
23,Male,"Dance,Hard Rock,Instrumental-Classical",not at all,really unhappy,neutral,I get less happy,I keep the same,Rolling in the Deep,Adele,Pop,0.729,0.756,8,-5.119,1,0.0294,0.131,0,0.0527,0.522,104.945,228293,4,1CkvWZme3pRgbzaxZnTl5X,https://open.spotify.com/track/1CkvWZme3pRgbzaxZnTl5X,https://youtu.be/rYEDA3JcQqw?t=4
39,Female,"Blues,Jazz,Pop",some concentration,happy,calm,I get happier,I feel with more energy,Take me Out,Franz Ferdinand,Rock,0.278,0.676,9,-8.821,1,0.0371,0.000423,0.000899,0.136,0.494,104.545,237027,4,6ooluO7DiEhI1zmK94nRCM,https://open.spotify.com/track/6ooluO7DiEhI1zmK94nRCM,https://youtu.be/GhCXAiNz9Jo?t=3
37,Male,"Jazz,Pop,Rock","yes, my full concentration",happy,with a lot of energy,I get happier,I get more relaxed,In a Sentimental Mood,Duke Ellington,Jazz,0.464,0.305,3,-12.435,0,0.0316,0.936,0.0846,0.208,0.282,108.231,255227,4,0E8q2Fx2XuzXCO2NSAppkR,https://open.spotify.com/track/0E8q2Fx2XuzXCO2NSAppkR,https://youtu.be/sCQfTNOC5aE?t=15
27,Female,"Hard Rock,Latin,Rock",some concentration,not so happy,very calm,I get happier,I feel with more energy,Diamonds,Rihanna,Dance,0.555,0.709,11,-4.928,0,0.0452,0.00118,0,0.113,0.387,91.982,225147,4,7Kt59L2ZZGtOnIhvMwzG6f,https://open.spotify.com/track/7Kt59L2ZZGtOnIhvMwzG6f,https://youtu.be/lWA2pjMjpBs?t=38
31,Male,"Blues,Hard Rock,Jazz","yes, my full concentration",very happy,with some energy,I get happier,I keep the same,Strange Fruit,Billie Holiday,Jazz,0.313,0.0437,6,-22.627,1,0.0315,0.989,0.148,0.209,0.0625,100.827,192867,1,1CTex49P0iWwzUGsMNjgaV,https://open.spotify.com/track/1CTex49P0iWwzUGsMNjgaV,https://youtu.be/Web007rzSOI?t=8
38,Female,"Dance,Hard Rock,Rock",some concentration,happy,neutral,I keep the same,I keep the same,Mr. Brightside,The Killers,Rock,0.355,0.918,1,-4.36,1,0.0746,0.00119,0,0.0971,0.24,148.114,222200,4,3n3Ppam7vgaVa1iaRUc9Lp,https://open.spotify.com/track/3n3Ppam7vgaVa1iaRUc9Lp,https://youtu.be/gGdGFtwCNBE?t=5
21,Female,"Blues,Dance,Hard Rock",some concentration,happy,neutral,I get happier,I feel with more energy,Wake Me Up,Avicii,Dance,0.518,0.784,2,-5.659,1,0.0524,0.00346,0.00187,0.171,0.588,124.102,247427,4,4h8VwCb1MTGoLKueQ1WgbD,https://open.spotify.com/track/4h8VwCb1MTGoLKueQ1WgbD,https://youtu.be/IcrbM1l_BoI?t=6
53,Female,"Dance,Instrumental-Classical,Pop","yes, my full concentration",not so happy,with some energy,I get happier,I get more relaxed,Strangers in the Night,Frank Sinatra,Vocal,0.229,0.494,5,-8.22,1,0.0311,0.638,0,0.217,0.526,80.092,157867,4,74VR3AkGPhbYXnxcOYa16x,https://open.spotify.com/track/74VR3AkGPhbYXnxcOYa16x,https://youtu.be/h5h_EW4odWw?t=11
38,Male,"Dance,Pop,Rock",some concentration,happy,calm,I get happier,I keep the same,Thinking Out Loud,Ed Sheeran,Pop,0.781,0.445,2,-6.061,1,0.0295,0.474,0,0.184,0.591,78.998,281560,4,34gCuhDGsG4bRPIf9bb02f,https://open.spotify.com/track/34gCuhDGsG4bRPIf9bb02f,https://youtu.be/lp-EO5I60KA?t=9
23,Female,Dance,some concentration,happy,calm,I get happier,I feel with more energy,Happy,Pharrell Williams,Pop,0.647,0.822,5,-4.662,0,0.183,0.219,0,0.0908,0.962,160.019,232720,4,5b88tNINg4Q4nrRbrCXUmg,https://open.spotify.com/track/5b88tNINg4Q4nrRbrCXUmg,https://youtu.be/ZbZSe6N_BXs?t=7
47,Male,"Instrumental-Classical,Jazz,Pop",some concentration,happy,with a lot of energy,I get happier,I keep the same,Volare,Domenico Mondugno,Vocal,0.542,0.108,10,-12.87,1,0.0423,0.97,0.0000399,0.255,0.494,129.172,214853,4,71hIekopkrYCGgggsBOpVG,https://open.spotify.com/track/71hIekopkrYCGgggsBOpVG,https://youtu.be/7wWiC0e3b2I?t=10
20,Female,"Dance,Pop,Rock",some concentration,very happy,with some energy,I keep the same,I get more relaxed,Yellow,Cold Play,Pop,0.429,0.661,11,-7.227,1,0.0281,0.00239,0.00013,0.234,0.285,173.365,266773,4,3AJwUDP919kvQ9QcozQPxg,https://open.spotify.com/track/3AJwUDP919kvQ9QcozQPxg,https://youtu.be/yKNxeF4KMsY?t=27
26,Male,"Blues,Hard Rock,Pop",some concentration,not so happy,calm,I get happier,I feel with more energy,Sin Pijama,Becky G,Reggaeton,0.791,0.745,11,-3.695,0,0.0464,0.354,0.0000293,0.104,0.82,94.014,188560,4,2ijef6ni2amuunRoKTlgww,https://open.spotify.com/track/2ijef6ni2amuunRoKTlgww,https://youtu.be/zEf423kYfqk?t=25
57,Male,"Dance,Latin,Pop","yes, my full concentration",very happy,with some energy,I get happier,I get more relaxed,What a Wonderful World,Louis Armstrong,Jazz,0.271,0.165,5,-20.652,1,0.0351,0.729,0.0000016,0.118,0.203,77.082,139227,4,29U7stRjqHU6rMiS8BfaI9,https://open.spotify.com/track/29U7stRjqHU6rMiS8BfaI9,https://youtu.be/p-T6aaRV9HY?t=19
35,Female,"Jazz,Pop,Rock","yes, my full concentration",happy,neutral,I get happier,I feel with more energy,La Bicicleta,Shakira & Carlos Vives,Reggaeton,0.736,0.964,0,-2.147,1,0.129,0.198,0.00000232,0.336,0.953,179.935,227707,4,0sXvAOmXgjR2QUqLK1MltU,https://open.spotify.com/track/0sXvAOmXgjR2QUqLK1MltU,https://youtu.be/-UV0QGLmYys?t=13
41,Female,"Instrumental-Classical,Pop,Vocal",some concentration,very happy,with some energy,I get happier,I feel with more energy,Persiana Americana,Soda,Rock,0.574,0.938,4,-4.98,0,0.0466,0.0164,0.0000476,0.0804,0.512,100.93,295000,4,4iPA2yB8bK7T770EkkOi7s,https://open.spotify.com/track/4iPA2yB8bK7T770EkkOi7s,https://youtu.be/WSUU_iB9iH8?t=17
36,Male,"Pop,Reggaeton,Rock",some concentration,happy,neutral,I keep the same,I get more relaxed,Somebody That I Used To Know,Gotye & Kimbra,Pop,0.857,0.517,0,-6.972,1,0.0384,0.565,0.000195,0.102,0.754,129.063,244973,4,4wCmqSrbyCgxEXROQE6vtV,https://open.spotify.com/track/4wCmqSrbyCgxEXROQE6vtV,https://youtu.be/8UVNT4wvIGY?t=19
25,Female,"Instrumental-Classical,Jazz,Pop",some concentration,not so happy,calm,I keep the same,I keep the same,Body and Soul,Billie Holiday,Jazz,0.435,0.0901,8,-15.469,1,0.0582,0.809,0.0000119,0.101,0.221,178.85,378400,3,7c7yHHFdYkqBzS1DG3UIFq,https://open.spotify.com/track/7c7yHHFdYkqBzS1DG3UIFq,https://youtu.be/AXnQeb0rgpU?t=5
28,Female,"Instrumental-Classical,Jazz,Pop",some concentration,happy,neutral,I keep the same,I feel with more energy,1901,Phoenix,Rock,0.607,0.835,0,-5.427,1,0.0415,0.0588,0.0000471,0.195,0.719,144.087,193120,4,1mvyqSb1tOvtVP1qfWEyPa,https://open.spotify.com/track/1mvyqSb1tOvtVP1qfWEyPa,https://youtu.be/HL548cHH3OY?t=20
36,Male,"Blues,Reggaeton,Rock","yes, my full concentration",neutral,with some energy,I keep the same,I feel with more energy,Enter Sandman,Metallica,Hard Rock,0.577,0.828,6,-8.691,0,0.0298,0.00213,0.0114,0.0581,0.604,123.257,331267,4,5sICkBXVmaCQk5aISGR3x1,https://open.spotify.com/track/5sICkBXVmaCQk5aISGR3x1,https://youtu.be/CD-E-LDc384?t=40
23,Male,"Dance,Pop,Reggaeton",not at all,happy,neutral,I get happier,I feel with more energy,Yellow,Cold Play,Pop,0.429,0.661,11,-7.227,1,0.0281,0.00239,0.00013,0.234,0.285,173.365,266773,4,3AJwUDP919kvQ9QcozQPxg,https://open.spotify.com/track/3AJwUDP919kvQ9QcozQPxg,https://youtu.be/yKNxeF4KMsY?t=27
24,Female,"Jazz,Pop,Rock","yes, my full concentration",happy,calm,I get happier,I feel with more energy,Take me Out,Franz Ferdinand,Rock,0.278,0.676,9,-8.821,1,0.0371,0.000423,0.000899,0.136,0.494,104.545,237027,4,6ooluO7DiEhI1zmK94nRCM,https://open.spotify.com/track/6ooluO7DiEhI1zmK94nRCM,https://youtu.be/GhCXAiNz9Jo?t=3
22,Male,"Latin,Pop,Reggaeton",some concentration,happy,with some energy,I keep the same,I keep the same,Just the Way You Are,Bruno Mars,Pop,0.637,0.843,5,-5.413,1,0.0432,0.0151,0,0.0876,0.434,109.012,220733,4,7BqBn9nzAq8spo5e7cZ0dJ,https://open.spotify.com/track/7BqBn9nzAq8spo5e7cZ0dJ,https://youtu.be/LjhCEhWiKXk?t=27
22,Male,"Pop,Rock",some concentration,not so happy,calm,I keep the same,I keep the same,Yellow,Cold Play,Pop,0.429,0.661,11,-7.227,1,0.0281,0.00239,0.00013,0.234,0.285,173.365,266773,4,3AJwUDP919kvQ9QcozQPxg,https://open.spotify.com/track/3AJwUDP919kvQ9QcozQPxg,https://youtu.be/yKNxeF4KMsY?t=27
40,Male,"Blues,Instrumental-Classical,Rock","yes, my full concentration",happy,with a lot of energy,I get less happy,I get more relaxed,The End,The Doors,Blues,0.347,0.302,0,-12.104,1,0.0291,0.163,0.0000917,0.14,0.0332,105.702,703373,4,5UgT7w6zVZjP3oyawMzbiK,https://open.spotify.com/track/5UgT7w6zVZjP3oyawMzbiK,https://youtu.be/JSUIQgEVDM4?t=50
22,Male,"Pop,Rock,Vocal",not at all,happy,calm,I keep the same,I feel with more energy,Yellow,Cold Play,Pop,0.429,0.661,11,-7.227,1,0.0281,0.00239,0.00013,0.234,0.285,173.365,266773,4,3AJwUDP919kvQ9QcozQPxg,https://open.spotify.com/track/3AJwUDP919kvQ9QcozQPxg,https://youtu.be/yKNxeF4KMsY?t=27
23,Male,Pop,some concentration,very happy,with some energy,I get happier,I keep the same,Al By MySelf,Celine Dion,Vocal,0.344,0.325,11,-10.005,0,0.0287,0.348,0.0239,0.0686,0.0773,118.556,312307,4,20EpQjfV7B4ZQJkIdHO1Tw,https://open.spotify.com/track/20EpQjfV7B4ZQJkIdHO1Tw,https://youtu.be/NGrLb6W5YOM?t=50
24,Male,"Dance,Instrumental-Classical,Pop",not at all,not so happy,calm,I keep the same,I keep the same,What a Wonderful World,Louis Armstrong,Jazz,0.271,0.165,5,-20.652,1,0.0351,0.729,0.0000016,0.118,0.203,77.082,139227,4,29U7stRjqHU6rMiS8BfaI9,https://open.spotify.com/track/29U7stRjqHU6rMiS8BfaI9,https://youtu.be/p-T6aaRV9HY?t=19
25,Female,"Blues,Latin,Pop","yes, my full concentration",happy,with some energy,I get happier,I get more relaxed,Titanium,David Guetta,Dance,0.602,0.796,0,-3.657,0,0.103,0.0682,0.12,0.15,0.265,126.06,245053,4,0TDLuuLlV54CkRRUOahJb4,https://open.spotify.com/track/0TDLuuLlV54CkRRUOahJb4,https://youtu.be/JRfuAukYTKg?t=12
23,Male,"Latin,Rock,Vocal",some concentration,neutral,calm,I get happier,I keep the same,Calaveras y Diablitos,Fabulosos,latin,0.701,0.46,9,-6.141,1,0.0421,0.511,0.0000984,0.214,0.853,92.725,264027,4,67VY2M8IZedcXJcy8LG5EH,https://open.spotify.com/track/67VY2M8IZedcXJcy8LG5EH,https://youtu.be/OZc11vc27f8?t=19
25,Male,"Blues,Hard Rock,Rock","yes, my full concentration",very happy,calm,I keep the same,I keep the same,Yellow,Cold Play,Pop,0.429,0.661,11,-7.227,1,0.0281,0.00239,0.00013,0.234,0.285,173.365,266773,4,3AJwUDP919kvQ9QcozQPxg,https://open.spotify.com/track/3AJwUDP919kvQ9QcozQPxg,https://youtu.be/yKNxeF4KMsY?t=27
24,Female,"Dance,Pop",not at all,very happy,with a lot of energy,I get happier,I feel with more energy,Take me Out,Franz Ferdinand,Rock,0.278,0.676,9,-8.821,1,0.0371,0.000423,0.000899,0.136,0.494,104.545,237027,4,6ooluO7DiEhI1zmK94nRCM,https://open.spotify.com/track/6ooluO7DiEhI1zmK94nRCM,https://youtu.be/GhCXAiNz9Jo?t=3
22,Female,"Dance,Pop,Reggaeton",some concentration,happy,very calm,I get happier,I feel with more energy,Gasolina,Daddy Yankee,Reggaeton,0.857,0.801,0,-6.499,1,0.0618,0.332,0.0000012,0.0789,0.753,96.009,192600,4,6jEZLz3YpnEBRpVkv35AmP,https://open.spotify.com/track/6jEZLz3YpnEBRpVkv35AmP,https://youtu.be/TbY75E8dYZc?t=11
27,Female,"Jazz,Pop,Rock","yes, my full concentration",happy,neutral,I get happier,I feel with more energy,My sweet lord,George Harrison,Blues,0.538,0.704,1,-8.904,0,0.0332,0.0794,0,0.0867,0.583,120.963,281227,4,0qdQUeKVyevrbKhAo0ibxS,https://open.spotify.com/track/0qdQUeKVyevrbKhAo0ibxS,https://youtu.be/SP9wms6oEMo?t=29
26,Female,"Blues,Dance,Reggaeton",some concentration,neutral,with some energy,I keep the same,I keep the same,Where Are You Now,Justin Bieber,Dance,0.432,0.781,4,-4.038,0,0.0567,0.041,0.00000421,0.0789,0.197,139.432,250286,4,66hayvUbTotekKU3H4ta1f,https://open.spotify.com/track/66hayvUbTotekKU3H4ta1f,https://youtu.be/IZ4fndEGBpU?t=15
22,Female,"Dance,Pop,Reggaeton",some concentration,happy,with some energy,I get happier,I feel with more energy,I'm Yours,Jason Mraz,Pop,0.686,0.457,11,-8.322,1,0.0468,0.595,0,0.105,0.718,150.953,242187,4,1EzrEOXmMH3G43AXT1y7pA,https://open.spotify.com/track/1EzrEOXmMH3G43AXT1y7pA,https://youtu.be/EkHTsc9PU2A?t=9
26,Female,"Dance,Hard Rock,Pop",some concentration,not so happy,calm,I get happier,I feel with more energy,Just the Way You Are,Bruno Mars,Pop,0.637,0.843,5,-5.413,1,0.0432,0.0151,0,0.0876,0.434,109.012,220733,4,7BqBn9nzAq8spo5e7cZ0dJ,https://open.spotify.com/track/7BqBn9nzAq8spo5e7cZ0dJ,https://youtu.be/LjhCEhWiKXk?t=27
19,Female,"Latin,Pop,Rock","yes, my full concentration",very happy,neutral,I keep the same,I get more relaxed,Toccata and Fugue in D minor,Bach,Instrumental-Classical,0.164,0.188,2,-19.533,0,0.0357,0.437,0.873,0.386,0.14,109.313,482067,4,61JrLdVyiMy8nPg63DlENb,https://open.spotify.com/track/61JrLdVyiMy8nPg63DlENb,https://youtu.be/ho9rZjlsyYY?t=2
38,Male,"Pop,Reggaeton,Rock","yes, my full concentration",neutral,with some energy,I keep the same,I feel with more energy,I Shot the Sheriff,Bob Marley,Reggae,0.444,0.739,6,-8.554,0,0.085,0.515,0.000444,0.817,0.808,175.898,432600,4,4ADEd6pwcJqYMqMv5HV4Yl,https://open.spotify.com/track/4ADEd6pwcJqYMqMv5HV4Yl,https://youtu.be/2XiYUYcpsT4
25,Female,"Latin,Pop,Reggaeton","yes, my full concentration",very happy,calm,I get happier,I feel with more energy,La Bicicleta,Shakira & Carlos Vives,Reggaeton,0.736,0.964,0,-2.147,1,0.129,0.198,0.00000232,0.336,0.953,179.935,227707,4,0sXvAOmXgjR2QUqLK1MltU,https://open.spotify.com/track/0sXvAOmXgjR2QUqLK1MltU,https://youtu.be/-UV0QGLmYys?t=13
24,Male,"Pop,Rock,Vocal","yes, my full concentration",neutral,neutral,I keep the same,I get more relaxed,Thinking Out Loud,Ed Sheeran,Pop,0.781,0.445,2,-6.061,1,0.0295,0.474,0,0.184,0.591,78.998,281560,4,34gCuhDGsG4bRPIf9bb02f,https://open.spotify.com/track/34gCuhDGsG4bRPIf9bb02f,https://youtu.be/lp-EO5I60KA?t=9
53,Male,"Dance,Instrumental-Classical,Pop",some concentration,happy,with some energy,I get happier,I feel with more energy,The Blue Danube,Strauss,Instrumental-Classical,0.226,0.0701,2,-20.668,1,0.0361,0.929,0.782,0.123,0.15,176.342,527400,3,5LYAuItJcXH06adHkebOmf,https://open.spotify.com/track/5LYAuItJcXH06adHkebOmf,https://youtu.be/_CTYymbbEL4?t=25
24,Male,"Dance,Pop,Reggaeton",some concentration,very happy,with a lot of energy,I get happier,I feel with more energy,Clandestino,Manu Chao,latin,0.68,0.594,6,-6.417,0,0.0688,0.469,0,0.431,0.774,85.04,149173,4,51R2M1JgyFfRS3e6v5wCt3,https://open.spotify.com/track/51R2M1JgyFfRS3e6v5wCt3,https://youtu.be/I0PjuPu78rQ?t=13
35,Male,"Dance,Pop,Rock",not at all,neutral,calm,I get happier,I feel with more energy,Wonderwall,Oasis,Rock,0.407,0.889,6,-4.362,0,0.0325,0.000691,0,0.189,0.699,174.585,258080,4,37QocLRDF8iFO7pMp1RFrF,https://open.spotify.com/track/37QocLRDF8iFO7pMp1RFrF,https://youtu.be/bx1Bh8ZvH84?t=30
24,Male,"Latin,Pop,Vocal",some concentration,neutral,calm,I get happier,I keep the same,quelqu'un m'a dit,Carla Buni,Vocal,0.611,0.428,10,-10.723,1,0.0474,0.834,0.00517,0.113,0.389,133.281,168627,3,7lncIPoy398VKZNbH3W9og,https://open.spotify.com/track/7lncIPoy398VKZNbH3W9og,https://youtu.be/EC7Re8cczj0?t=5
46,Male,"Latin,Pop,Reggaeton","yes, my full concentration",neutral,calm,I get happier,I get more relaxed,Despacito (Remix),Luis Fonsi & Daddy Yankee & Justin Bieber,Reggaeton,0.653,0.816,2,-4.353,1,0.167,0.228,0,0.0967,0.816,178.086,228827,4,6rPO02ozF3bM7NnOV4h6s2,https://open.spotify.com/track/6rPO02ozF3bM7NnOV4h6s2,https://youtu.be/72UO0v5ESUo?t=9
42,Male,"Hard Rock,Pop,Rock","yes, my full concentration",happy,neutral,I get happier,I get more relaxed,Ipanema Girl,Varios,latin,0.779,0.613,9,-7.24,1,0.0674,0.534,0.0000954,0.118,0.812,152.066,251480,4,7E9DYN1PhD0qpAvKAwWIRn,https://open.spotify.com/track/7E9DYN1PhD0qpAvKAwWIRn,https://youtu.be/8PYKOo_jgJo?t=7
31,Male,"Hard Rock,Pop,Rock",some concentration,happy,with some energy,I get happier,I feel with more energy,What a Wonderful World,Louis Armstrong,Jazz,0.271,0.165,5,-20.652,1,0.0351,0.729,0.0000016,0.118,0.203,77.082,139227,4,29U7stRjqHU6rMiS8BfaI9,https://open.spotify.com/track/29U7stRjqHU6rMiS8BfaI9,https://youtu.be/p-T6aaRV9HY?t=19
53,Male,"Pop,Rock",some concentration,very happy,with some energy,I get happier,I feel with more energy,Sweet Dreams,Marilyn Manson,Hard Rock,0.21,0.675,0,-5.119,0,0.0369,0.00516,0.535,0.247,0.153,186.129,293293,4,3D0bXrSv7O73vOaGOG8J9c,https://open.spotify.com/track/3D0bXrSv7O73vOaGOG8J9c,https://youtu.be/QUvVdTlA23w?t=10
42,Male,"Pop,Rock","yes, my full concentration",very happy,neutral,I get less happy,I keep the same,Sweet Dreams,Marilyn Manson,Hard Rock,0.21,0.675,0,-5.119,0,0.0369,0.00516,0.535,0.247,0.153,186.129,293293,4,3D0bXrSv7O73vOaGOG8J9c,https://open.spotify.com/track/3D0bXrSv7O73vOaGOG8J9c,https://youtu.be/QUvVdTlA23w?t=10
42,Female,"Dance,Pop,Rock",some concentration,happy,with some energy,I keep the same,I keep the same,Yellow,Cold Play,Pop,0.429,0.661,11,-7.227,1,0.0281,0.00239,0.00013,0.234,0.285,173.365,266773,4,3AJwUDP919kvQ9QcozQPxg,https://open.spotify.com/track/3AJwUDP919kvQ9QcozQPxg,https://youtu.be/yKNxeF4KMsY?t=27
37,Female,"Dance,Pop,Vocal",some concentration,very happy,with some energy,I get happier,I feel with more energy,Titanium,David Guetta,Dance,0.602,0.796,0,-3.657,0,0.103,0.0682,0.12,0.15,0.265,126.06,245053,4,0TDLuuLlV54CkRRUOahJb4,https://open.spotify.com/track/0TDLuuLlV54CkRRUOahJb4,https://youtu.be/JRfuAukYTKg?t=12
36,Male,"Pop,Rock","yes, my full concentration",neutral,with some energy,I get happier,I feel with more energy,Take me Out,Franz Ferdinand,Rock,0.278,0.676,9,-8.821,1,0.0371,0.000423,0.000899,0.136,0.494,104.545,237027,4,6ooluO7DiEhI1zmK94nRCM,https://open.spotify.com/track/6ooluO7DiEhI1zmK94nRCM,https://youtu.be/GhCXAiNz9Jo?t=3
56,Female,"Instrumental-Classical,Pop,Rock",some concentration,happy,with some energy,I keep the same,I keep the same,My sweet lord,George Harrison,Blues,0.538,0.704,1,-8.904,0,0.0332,0.0794,0,0.0867,0.583,120.963,281227,4,0qdQUeKVyevrbKhAo0ibxS,https://open.spotify.com/track/0qdQUeKVyevrbKhAo0ibxS,https://youtu.be/SP9wms6oEMo?t=29
26,Female,"Jazz,Pop,Rock","yes, my full concentration",happy,neutral,I get happier,I feel with more energy,Wonderwall,Oasis,Rock,0.407,0.889,6,-4.362,0,0.0325,0.000691,0,0.189,0.699,174.585,258080,4,37QocLRDF8iFO7pMp1RFrF,https://open.spotify.com/track/37QocLRDF8iFO7pMp1RFrF,https://youtu.be/bx1Bh8ZvH84?t=30
46,Female,"Instrumental-Classical,Pop","yes, my full concentration",very happy,calm,I get happier,I get more relaxed,The Blue Danube,Strauss,Instrumental-Classical,0.226,0.0701,2,-20.668,1,0.0361,0.929,0.782,0.123,0.15,176.342,527400,3,5LYAuItJcXH06adHkebOmf,https://open.spotify.com/track/5LYAuItJcXH06adHkebOmf,https://youtu.be/_CTYymbbEL4?t=25
37,Female,"Dance,Pop,Rock",some concentration,happy,neutral,I keep the same,I feel with more energy,Just the Way You Are,Bruno Mars,Pop,0.637,0.843,5,-5.413,1,0.0432,0.0151,0,0.0876,0.434,109.012,220733,4,7BqBn9nzAq8spo5e7cZ0dJ,https://open.spotify.com/track/7BqBn9nzAq8spo5e7cZ0dJ,https://youtu.be/LjhCEhWiKXk?t=27
30,Male,"Dance,Hard Rock,Pop",some concentration,neutral,neutral,I get happier,I feel with more energy,(I Can't Help) Falling In Love With You,Bob Marley,Reggae,0.642,0.722,2,-13.031,1,0.0375,0.0444,0.00388,0.122,0.836,172.406,207440,4,7ojJ4XvqBhBcteM0zjMebT,https://open.spotify.com/track/7ojJ4XvqBhBcteM0zjMebT,https://youtu.be/ZLvvLtt99Lc?t=35
50,Male,"Dance,Pop,Rock",some concentration,neutral,calm,I get happier,I feel with more energy,Sin Pijama,Becky G,Reggaeton,0.791,0.745,11,-3.695,0,0.0464,0.354,0.0000293,0.104,0.82,94.014,188560,4,2ijef6ni2amuunRoKTlgww,https://open.spotify.com/track/2ijef6ni2amuunRoKTlgww,https://youtu.be/zEf423kYfqk?t=25
41,Female,Blues,"yes, my full concentration",very happy,with some energy,I get happier,I feel with more energy,Strangers in the Night,Frank Sinatra,Vocal,0.229,0.494,5,-8.22,1,0.0311,0.638,0,0.217,0.526,80.092,157867,4,74VR3AkGPhbYXnxcOYa16x,https://open.spotify.com/track/74VR3AkGPhbYXnxcOYa16x,https://youtu.be/h5h_EW4odWw?t=11
40,Male,"Pop,Rock,Vocal",some concentration,very happy,with a lot of energy,I get happier,I keep the same,Strangers in the Night,Frank Sinatra,Vocal,0.229,0.494,5,-8.22,1,0.0311,0.638,0,0.217,0.526,80.092,157867,4,74VR3AkGPhbYXnxcOYa16x,https://open.spotify.com/track/74VR3AkGPhbYXnxcOYa16x,https://youtu.be/h5h_EW4odWw?t=11
74,Male,"Blues,Pop,Rock",not at all,happy,with some energy,I keep the same,I keep the same,The End,The Doors,Blues,0.347,0.302,0,-12.104,1,0.0291,0.163,0.0000917,0.14,0.0332,105.702,703373,4,5UgT7w6zVZjP3oyawMzbiK,https://open.spotify.com/track/5UgT7w6zVZjP3oyawMzbiK,https://youtu.be/JSUIQgEVDM4?t=50
59,Female,"Dance,Reggaeton,Rock",some concentration,happy,with some energy,I get happier,I feel with more energy,Volare,Domenico Mondugno,Vocal,0.542,0.108,10,-12.87,1,0.0423,0.97,0.0000399,0.255,0.494,129.172,214853,4,71hIekopkrYCGgggsBOpVG,https://open.spotify.com/track/71hIekopkrYCGgggsBOpVG,https://youtu.be/7wWiC0e3b2I?t=10
25,Male,"Blues,Instrumental-Classical,Reggae","yes, my full concentration",neutral,calm,I get happier,I feel with more energy,So What,Miles Davis,Jazz,0.517,0.151,0,-17.266,1,0.0373,0.705,0.00136,0.116,0.21,136.356,562640,4,4vLYewWIvqHfKtJDk8c8tq,https://open.spotify.com/track/4vLYewWIvqHfKtJDk8c8tq,https://youtu.be/ylXk1LBvIqU?t=90
34,Male,"Instrumental-Classical,Pop,Reggae",some concentration,happy,with some energy,I get less happy,I keep the same,Somebody That I Used To Know,Gotye & Kimbra,Pop,0.857,0.517,0,-6.972,1,0.0384,0.565,0.000195,0.102,0.754,129.063,244973,4,4wCmqSrbyCgxEXROQE6vtV,https://open.spotify.com/track/4wCmqSrbyCgxEXROQE6vtV,https://youtu.be/8UVNT4wvIGY?t=19
48,Male,"Jazz,Pop,Rock",some concentration,happy,with some energy,I get happier,I feel with more energy,Somebody That I Used To Know,Gotye & Kimbra,Pop,0.857,0.517,0,-6.972,1,0.0384,0.565,0.000195,0.102,0.754,129.063,244973,4,4wCmqSrbyCgxEXROQE6vtV,https://open.spotify.com/track/4wCmqSrbyCgxEXROQE6vtV,https://youtu.be/8UVNT4wvIGY?t=19
29,Female,Pop,some concentration,happy,with some energy,I get happier,I feel with more energy,Sexy And I Know It,LMFAO,Dance,0.702,0.848,7,-4.227,1,0.302,0.103,0,0.202,0.785,130.06,201267,4,5tGFmUFsBBSPvj5ZLQ686F,https://open.spotify.com/track/5tGFmUFsBBSPvj5ZLQ686F,https://youtu.be/wyx6JDQCslE?t=11
53,Female,"Dance,Instrumental-Classical,Jazz","yes, my full concentration",happy,neutral,I get happier,I get more relaxed,Just the Way You Are,Bruno Mars,Pop,0.637,0.843,5,-5.413,1,0.0432,0.0151,0,0.0876,0.434,109.012,220733,4,7BqBn9nzAq8spo5e7cZ0dJ,https://open.spotify.com/track/7BqBn9nzAq8spo5e7cZ0dJ,https://youtu.be/LjhCEhWiKXk?t=27
28,Female,"Latin,Pop,Rock","yes, my full concentration",happy,neutral,I get happier,I feel with more energy,We are the People,Empire of the Sun,Dance,0.675,0.781,4,-5.404,0,0.0306,0.0801,0.0143,0.422,0.534,122.989,267373,4,3zEN0ii6s4DHHBpnTp3RP7,https://open.spotify.com/track/3zEN0ii6s4DHHBpnTp3RP7,https://youtu.be/hN5X4kGhAtU?t=40
41,Male,"Pop,Rock",some concentration,neutral,neutral,I get happier,I feel with more energy,Take me Out,Franz Ferdinand,Rock,0.278,0.676,9,-8.821,1,0.0371,0.000423,0.000899,0.136,0.494,104.545,237027,4,6ooluO7DiEhI1zmK94nRCM,https://open.spotify.com/track/6ooluO7DiEhI1zmK94nRCM,https://youtu.be/GhCXAiNz9Jo?t=3
51,Male,"Blues,Rock,Vocal",not at all,happy,with some energy,I get happier,I feel with more energy,In a Sentimental Mood,Duke Ellington,Jazz,0.464,0.305,3,-12.435,0,0.0316,0.936,0.0846,0.208,0.282,108.231,255227,4,0E8q2Fx2XuzXCO2NSAppkR,https://open.spotify.com/track/0E8q2Fx2XuzXCO2NSAppkR,https://youtu.be/sCQfTNOC5aE?t=15
50,Male,"Jazz,Pop,Rock",some concentration,very happy,with a lot of energy,I get happier,I feel with more energy,What a Wonderful World,Louis Armstrong,Jazz,0.271,0.165,5,-20.652,1,0.0351,0.729,0.0000016,0.118,0.203,77.082,139227,4,29U7stRjqHU6rMiS8BfaI9,https://open.spotify.com/track/29U7stRjqHU6rMiS8BfaI9,https://youtu.be/p-T6aaRV9HY?t=19
48,Male,"Dance,Pop,Rock","yes, my full concentration",happy,neutral,I get happier,I feel with more energy,The Blue Danube,Strauss,Instrumental-Classical,0.226,0.0701,2,-20.668,1,0.0361,0.929,0.782,0.123,0.15,176.342,527400,3,5LYAuItJcXH06adHkebOmf,https://open.spotify.com/track/5LYAuItJcXH06adHkebOmf,https://youtu.be/_CTYymbbEL4?t=25
30,Female,"Latin,Pop,Reggaeton",some concentration,happy,neutral,I keep the same,I feel with more energy,La Bicicleta,Shakira & Carlos Vives,Reggaeton,0.736,0.964,0,-2.147,1,0.129,0.198,0.00000232,0.336,0.953,179.935,227707,4,0sXvAOmXgjR2QUqLK1MltU,https://open.spotify.com/track/0sXvAOmXgjR2QUqLK1MltU,https://youtu.be/-UV0QGLmYys?t=13
58,Male,"Hard Rock,Pop,Rock","yes, my full concentration",very happy,with a lot of energy,I get happier,I keep the same,As I Am,Dream Theater,Hard Rock,0.514,0.95,7,-4.657,1,0.0725,0.0000109,0.0135,0.19,0.149,130.027,467827,4,6hz6lrQtLcxOOjflnYjF9o,https://open.spotify.com/track/6hz6lrQtLcxOOjflnYjF9o,https://youtu.be/iD_R8K89Z8I?t=55
50,Male,"Blues,Hard Rock,Instrumental-Classical",some concentration,happy,calm,I get happier,I keep the same,Ipanema Girl,Varios,latin,0.779,0.613,9,-7.24,1,0.0674,0.534,0.0000954,0.118,0.812,152.066,251480,4,7E9DYN1PhD0qpAvKAwWIRn,https://open.spotify.com/track/7E9DYN1PhD0qpAvKAwWIRn,https://youtu.be/8PYKOo_jgJo?t=7
28,Male,"Latin,Reggae,Rock",not at all,happy,with some energy,I keep the same,I keep the same,Bombastic,Shaggy,Reggae,0.866,0.538,2,-16.183,1,0.36,0.242,0.0000167,0.316,0.78,158.323,249933,4,4fxF8ljwryMZX5c9EKrLFE,https://open.spotify.com/track/4fxF8ljwryMZX5c9EKrLFE,https://youtu.be/6W5pq4bIzIw?t=23
51,Male,"Hard Rock,Pop,Rock",some concentration,happy,with some energy,I keep the same,I keep the same,Persiana Americana,Soda,Rock,0.574,0.938,4,-4.98,0,0.0466,0.0164,0.0000476,0.0804,0.512,100.93,295000,4,4iPA2yB8bK7T770EkkOi7s,https://open.spotify.com/track/4iPA2yB8bK7T770EkkOi7s,https://youtu.be/WSUU_iB9iH8?t=17
36,Male,"Blues,Hard Rock,Rock",some concentration,happy,with some energy,I get happier,I get more relaxed,In a Sentimental Mood,Duke Ellington,Jazz,0.464,0.305,3,-12.435,0,0.0316,0.936,0.0846,0.208,0.282,108.231,255227,4,0E8q2Fx2XuzXCO2NSAppkR,https://open.spotify.com/track/0E8q2Fx2XuzXCO2NSAppkR,https://youtu.be/sCQfTNOC5aE?t=15
45,Male,"Latin,Pop,Vocal","yes, my full concentration",happy,neutral,I get happier,I feel with more energy,We will Rock You,Queen,Rock,0.698,0.398,11,-10.584,0,0.0694,0.585,0,0.175,0.512,81.269,122093,4,4fVn54cP0hasdSHuJthQj1,https://open.spotify.com/track/4fVn54cP0hasdSHuJthQj1,https://youtu.be/-tJYN-eG1zk?t=5
33,Female,"Pop,Rock","yes, my full concentration",happy,neutral,I keep the same,I feel with more energy,Wake Me Up,Avicii,Dance,0.518,0.784,2,-5.659,1,0.0524,0.00346,0.00187,0.171,0.588,124.102,247427,4,4h8VwCb1MTGoLKueQ1WgbD,https://open.spotify.com/track/4h8VwCb1MTGoLKueQ1WgbD,https://youtu.be/IcrbM1l_BoI?t=6
49,Male,"Dance,Jazz,Rock",some concentration,happy,with some energy,I get happier,I feel with more energy,We will Rock You,Queen,Rock,0.698,0.398,11,-10.584,0,0.0694,0.585,0,0.175,0.512,81.269,122093,4,4fVn54cP0hasdSHuJthQj1,https://open.spotify.com/track/4fVn54cP0hasdSHuJthQj1,https://youtu.be/-tJYN-eG1zk?t=5
50,Male,"Jazz,Pop,Rock",some concentration,neutral,with some energy,I get happier,I feel with more energy,Mr. Brightside,The Killers,Rock,0.355,0.918,1,-4.36,1,0.0746,0.00119,0,0.0971,0.24,148.114,222200,4,3n3Ppam7vgaVa1iaRUc9Lp,https://open.spotify.com/track/3n3Ppam7vgaVa1iaRUc9Lp,https://youtu.be/gGdGFtwCNBE?t=5
28,Female,"Pop,Reggaeton,Rock","yes, my full concentration",happy,with some energy,I keep the same,I keep the same,Wonderwall,Oasis,Rock,0.407,0.889,6,-4.362,0,0.0325,0.000691,0,0.189,0.699,174.585,258080,4,37QocLRDF8iFO7pMp1RFrF,https://open.spotify.com/track/37QocLRDF8iFO7pMp1RFrF,https://youtu.be/bx1Bh8ZvH84?t=30
30,Female,"Dance,Pop,Rock",some concentration,neutral,calm,I get happier,I keep the same,Wonderwall,Oasis,Rock,0.407,0.889,6,-4.362,0,0.0325,0.000691,0,0.189,0.699,174.585,258080,4,37QocLRDF8iFO7pMp1RFrF,https://open.spotify.com/track/37QocLRDF8iFO7pMp1RFrF,https://youtu.be/bx1Bh8ZvH84?t=30
35,Male,"Hard Rock,Instrumental-Classical,Rock",some concentration,very happy,with some energy,I get happier,I keep the same,Girls and Boys,Blur,Dance,0.693,0.875,7,-8.354,0,0.0315,0.00971,0,0.0601,0.901,120.048,259387,4,5CeL9C3bsoe4yzYS1Qz8cw,https://open.spotify.com/track/5CeL9C3bsoe4yzYS1Qz8cw,https://youtu.be/WDswiT87oo8?t=30
27,Female,"Blues,Hard Rock,Rock",not at all,happy,calm,I get happier,I keep the same,(I Can't Help) Falling In Love With You,Bob Marley,Reggae,0.642,0.722,2,-13.031,1,0.0375,0.0444,0.00388,0.122,0.836,172.406,207440,4,7ojJ4XvqBhBcteM0zjMebT,https://open.spotify.com/track/7ojJ4XvqBhBcteM0zjMebT,https://youtu.be/ZLvvLtt99Lc?t=35
45,Male,"Dance,Pop,Rock",some concentration,neutral,calm,I keep the same,I keep the same,No le Pegue a la Negra,Varios,latin,0.787,0.788,0,-9.997,0,0.0462,0.525,0.000175,0.0626,0.872,101.913,276320,4,4VZlzYNRyweaQpDIHE07GD,https://open.spotify.com/track/4VZlzYNRyweaQpDIHE07GD,https://youtu.be/PqmLPeL8aj4?t=10
31,Male,"Blues,Hard Rock,Rock",not at all,happy,calm,I keep the same,I get more relaxed,Thinking Out Loud,Ed Sheeran,Pop,0.781,0.445,2,-6.061,1,0.0295,0.474,0,0.184,0.591,78.998,281560,4,34gCuhDGsG4bRPIf9bb02f,https://open.spotify.com/track/34gCuhDGsG4bRPIf9bb02f,https://youtu.be/lp-EO5I60KA?t=9
50,Male,"Blues,Pop,Rock","yes, my full concentration",happy,with a lot of energy,I get happier,I feel with more energy,Wake Me Up,Avicii,Dance,0.518,0.784,2,-5.659,1,0.0524,0.00346,0.00187,0.171,0.588,124.102,247427,4,4h8VwCb1MTGoLKueQ1WgbD,https://open.spotify.com/track/4h8VwCb1MTGoLKueQ1WgbD,https://youtu.be/IcrbM1l_BoI?t=6
30,Male,"Latin,Pop,Reggaeton",some concentration,happy,with some energy,I get happier,I keep the same,Wake Me Up,Avicii,Dance,0.518,0.784,2,-5.659,1,0.0524,0.00346,0.00187,0.171,0.588,124.102,247427,4,4h8VwCb1MTGoLKueQ1WgbD,https://open.spotify.com/track/4h8VwCb1MTGoLKueQ1WgbD,https://youtu.be/IcrbM1l_BoI?t=6
29,Male,"Hard Rock,Rock",some concentration,very happy,with some energy,I get happier,I feel with more energy,We will Rock You,Queen,Rock,0.698,0.398,11,-10.584,0,0.0694,0.585,0,0.175,0.512,81.269,122093,4,4fVn54cP0hasdSHuJthQj1,https://open.spotify.com/track/4fVn54cP0hasdSHuJthQj1,https://youtu.be/-tJYN-eG1zk?t=5
45,Male,"Instrumental-Classical,Pop,Rock",some concentration,very happy,neutral,I get happier,I feel with more energy,Take me Out,Franz Ferdinand,Rock,0.278,0.676,9,-8.821,1,0.0371,0.000423,0.000899,0.136,0.494,104.545,237027,4,6ooluO7DiEhI1zmK94nRCM,https://open.spotify.com/track/6ooluO7DiEhI1zmK94nRCM,https://youtu.be/GhCXAiNz9Jo?t=3
45,Male,"Blues,Jazz,Rock",some concentration,neutral,calm,I get happier,I keep the same,Strange Fruit,Billie Holiday,Jazz,0.313,0.0437,6,-22.627,1,0.0315,0.989,0.148,0.209,0.0625,100.827,192867,1,1CTex49P0iWwzUGsMNjgaV,https://open.spotify.com/track/1CTex49P0iWwzUGsMNjgaV,https://youtu.be/Web007rzSOI?t=8
43,Female,"Instrumental-Classical,Pop,Rock",some concentration,happy,neutral,I get happier,I keep the same,Blurred Lines,Robin Thicke & Pharrell Williams,Pop,0.853,0.599,7,-4.756,1,0.0411,0.00334,0.00000793,0.0759,0.843,119.993,263827,4,6oZDct1pcrRPMnNvP0OXea,https://open.spotify.com/track/6oZDct1pcrRPMnNvP0OXea,https://youtu.be/yyDUC1LUXSU?t=7
41,Male,"Pop,Rock","yes, my full concentration",very happy,with some energy,I get happier,I feel with more energy,Wonderwall,Oasis,Rock,0.407,0.889,6,-4.362,0,0.0325,0.000691,0,0.189,0.699,174.585,258080,4,37QocLRDF8iFO7pMp1RFrF,https://open.spotify.com/track/37QocLRDF8iFO7pMp1RFrF,https://youtu.be/bx1Bh8ZvH84?t=30
52,Female,"Jazz,Pop,Rock","yes, my full concentration",happy,neutral,I get happier,I feel with more energy,My sweet lord,George Harrison,Blues,0.538,0.704,1,-8.904,0,0.0332,0.0794,0,0.0867,0.583,120.963,281227,4,0qdQUeKVyevrbKhAo0ibxS,https://open.spotify.com/track/0qdQUeKVyevrbKhAo0ibxS,https://youtu.be/SP9wms6oEMo?t=29
44,Female,"Blues,Pop,Rock",some concentration,not so happy,with some energy,I keep the same,I feel with more energy,Sexy And I Know It,LMFAO,Dance,0.702,0.848,7,-4.227,1,0.302,0.103,0,0.202,0.785,130.06,201267,4,5tGFmUFsBBSPvj5ZLQ686F,https://open.spotify.com/track/5tGFmUFsBBSPvj5ZLQ686F,https://youtu.be/wyx6JDQCslE?t=11
50,Male,"Dance,Pop,Rock","yes, my full concentration",happy,with a lot of energy,I keep the same,I keep the same,Wake Me Up,Avicii,Dance,0.518,0.784,2,-5.659,1,0.0524,0.00346,0.00187,0.171,0.588,124.102,247427,4,4h8VwCb1MTGoLKueQ1WgbD,https://open.spotify.com/track/4h8VwCb1MTGoLKueQ1WgbD,https://youtu.be/IcrbM1l_BoI?t=6
23,Male,Rock,some concentration,very happy,with a lot of energy,I get happier,I feel with more energy,We will Rock You,Queen,Rock,0.698,0.398,11,-10.584,0,0.0694,0.585,0,0.175,0.512,81.269,122093,4,4fVn54cP0hasdSHuJthQj1,https://open.spotify.com/track/4fVn54cP0hasdSHuJthQj1,https://youtu.be/-tJYN-eG1zk?t=5
50,Female,"Pop,Reggaeton,Rock",some concentration,happy,calm,I keep the same,I keep the same,I Shot the Sheriff,Bob Marley,Reggae,0.444,0.739,6,-8.554,0,0.085,0.515,0.000444,0.817,0.808,175.898,432600,4,4ADEd6pwcJqYMqMv5HV4Yl,https://open.spotify.com/track/4ADEd6pwcJqYMqMv5HV4Yl,https://youtu.be/2XiYUYcpsT4
50,Male,"Blues,Pop,Rock",some concentration,happy,neutral,I get happier,I feel with more energy,Party Rock Anthem,LMFAO,Dance,0.751,0.736,5,-4.168,0,0.156,0.0206,0,0.265,0.352,130.014,262147,4,4650WGL6InVqP7YN5POqIz,https://open.spotify.com/track/4650WGL6InVqP7YN5POqIz,https://youtu.be/zIh5AHxh-Ok?t=27
31,Male,"Pop,Reggae,Rock",some concentration,very happy,with some energy,I get happier,I get more relaxed,quelqu'un m'a dit,Carla Buni,Vocal,0.611,0.428,10,-10.723,1,0.0474,0.834,0.00517,0.113,0.389,133.281,168627,3,7lncIPoy398VKZNbH3W9og,https://open.spotify.com/track/7lncIPoy398VKZNbH3W9og,https://youtu.be/EC7Re8cczj0?t=5
50,Male,"Dance,Pop,Rock","yes, my full concentration",happy,with some energy,I keep the same,I keep the same,Just the Way You Are,Bruno Mars,Pop,0.637,0.843,5,-5.413,1,0.0432,0.0151,0,0.0876,0.434,109.012,220733,4,7BqBn9nzAq8spo5e7cZ0dJ,https://open.spotify.com/track/7BqBn9nzAq8spo5e7cZ0dJ,https://youtu.be/LjhCEhWiKXk?t=27
40,Male,"Dance,Hard Rock,Rock","yes, my full concentration",happy,with a lot of energy,I get happier,I feel with more energy,Titanium,David Guetta,Dance,0.602,0.796,0,-3.657,0,0.103,0.0682,0.12,0.15,0.265,126.06,245053,4,0TDLuuLlV54CkRRUOahJb4,https://open.spotify.com/track/0TDLuuLlV54CkRRUOahJb4,https://youtu.be/JRfuAukYTKg?t=12
24,Female,"Dance,Instrumental-Classical,Rock",some concentration,neutral,calm,I keep the same,I keep the same,Wake Me Up,Avicii,Dance,0.518,0.784,2,-5.659,1,0.0524,0.00346,0.00187,0.171,0.588,124.102,247427,4,4h8VwCb1MTGoLKueQ1WgbD,https://open.spotify.com/track/4h8VwCb1MTGoLKueQ1WgbD,https://youtu.be/IcrbM1l_BoI?t=6
53,Female,"Dance,Instrumental-Classical,Pop",not at all,happy,neutral,I get happier,I feel with more energy,What a Wonderful World,Louis Armstrong,Jazz,0.271,0.165,5,-20.652,1,0.0351,0.729,0.0000016,0.118,0.203,77.082,139227,4,29U7stRjqHU6rMiS8BfaI9,https://open.spotify.com/track/29U7stRjqHU6rMiS8BfaI9,https://youtu.be/p-T6aaRV9HY?t=19
53,Male,"Dance,Instrumental-Classical,Rock",some concentration,neutral,neutral,I keep the same,I keep the same,Rolling in the Deep,Adele,Pop,0.729,0.756,8,-5.119,1,0.0294,0.131,0,0.0527,0.522,104.945,228293,4,1CkvWZme3pRgbzaxZnTl5X,https://open.spotify.com/track/1CkvWZme3pRgbzaxZnTl5X,https://youtu.be/rYEDA3JcQqw?t=4
89,Female,Reggaeton,some concentration,not so happy,very calm,I get less happy,I get more relaxed,Atrevete-Te-Te,Calle 13,Reggaeton,0.829,0.878,9,-5.951,1,0.101,0.0959,0,0.776,0.883,87.991,239307,4,1q8NdCAQ9QUjpYiqzdd3mv,https://open.spotify.com/track/1q8NdCAQ9QUjpYiqzdd3mv,https://youtu.be/vXtJkDHEAAc?t=10
35,Male,"Blues,Dance,Rock","yes, my full concentration",very happy,with a lot of energy,I get happier,I feel with more energy,No le Pegue a la Negra,Varios,latin,0.787,0.788,0,-9.997,0,0.0462,0.525,0.000175,0.0626,0.872,101.913,276320,4,4VZlzYNRyweaQpDIHE07GD,https://open.spotify.com/track/4VZlzYNRyweaQpDIHE07GD,https://youtu.be/PqmLPeL8aj4?t=10
42,Male,"Dance,Latin,Pop",some concentration,happy,calm,I get happier,I feel with more energy,El Perdon,Enrique Iglesias,Reggaeton,0.628,0.69,8,-5.828,1,0.0511,0.446,0,0.112,0.662,179.911,205907,4,7qCAVkHWZkF44OzOUKf8Cr,https://open.spotify.com/track/7qCAVkHWZkF44OzOUKf8Cr,https://youtu.be/hXI8RQYC36Q?t=20
33,Male,"Pop,Reggae,Rock",some concentration,neutral,calm,I get happier,I keep the same,Volare,Domenico Mondugno,Vocal,0.542,0.108,10,-12.87,1,0.0423,0.97,0.0000399,0.255,0.494,129.172,214853,4,71hIekopkrYCGgggsBOpVG,https://open.spotify.com/track/71hIekopkrYCGgggsBOpVG,https://youtu.be/7wWiC0e3b2I?t=10
48,Male,"Blues,Dance,Pop","yes, my full concentration",happy,neutral,I get happier,I get more relaxed,Yellow,Cold Play,Pop,0.429,0.661,11,-7.227,1,0.0281,0.00239,0.00013,0.234,0.285,173.365,266773,4,3AJwUDP919kvQ9QcozQPxg,https://open.spotify.com/track/3AJwUDP919kvQ9QcozQPxg,https://youtu.be/yKNxeF4KMsY?t=27
33,Male,"Latin,Pop,Reggaeton","yes, my full concentration",happy,with a lot of energy,I keep the same,I keep the same,Felices los 4,Maluma,Reggaeton,0.766,0.756,5,-5.861,1,0.132,0.213,0,0.349,0.716,94.027,230000,4,1RouRzlg8OKFeqc6LvdxmB,https://open.spotify.com/track/1RouRzlg8OKFeqc6LvdxmB,https://youtu.be/t_jHrUE5IOk?t=42
25,Male,"Blues,Pop,Reggae","yes, my full concentration",happy,with some energy,I get happier,I feel with more energy,Take me Out,Franz Ferdinand,Rock,0.278,0.676,9,-8.821,1,0.0371,0.000423,0.000899,0.136,0.494,104.545,237027,4,6ooluO7DiEhI1zmK94nRCM,https://open.spotify.com/track/6ooluO7DiEhI1zmK94nRCM,https://youtu.be/GhCXAiNz9Jo?t=3
24,Male,"Dance,Reggae",some concentration,happy,neutral,I keep the same,I keep the same,What a Wonderful World,Louis Armstrong,Jazz,0.271,0.165,5,-20.652,1,0.0351,0.729,0.0000016,0.118,0.203,77.082,139227,4,29U7stRjqHU6rMiS8BfaI9,https://open.spotify.com/track/29U7stRjqHU6rMiS8BfaI9,https://youtu.be/p-T6aaRV9HY?t=19
18,Female,"Dance,Pop,Reggaeton",some concentration,happy,with some energy,I keep the same,I get more relaxed,quelqu'un m'a dit,Carla Buni,Vocal,0.611,0.428,10,-10.723,1,0.0474,0.834,0.00517,0.113,0.389,133.281,168627,3,7lncIPoy398VKZNbH3W9og,https://open.spotify.com/track/7lncIPoy398VKZNbH3W9og,https://youtu.be/EC7Re8cczj0?t=5
36,Male,"Dance,Pop,Rock","yes, my full concentration",really unhappy,neutral,I keep the same,I keep the same,Thinking Out Loud,Ed Sheeran,Pop,0.781,0.445,2,-6.061,1,0.0295,0.474,0,0.184,0.591,78.998,281560,4,34gCuhDGsG4bRPIf9bb02f,https://open.spotify.com/track/34gCuhDGsG4bRPIf9bb02f,https://youtu.be/lp-EO5I60KA?t=9
42,Male,"Hard Rock,Pop,Rock",some concentration,happy,with some energy,I get happier,I feel with more energy,Wake Me Up,Avicii,Dance,0.518,0.784,2,-5.659,1,0.0524,0.00346,0.00187,0.171,0.588,124.102,247427,4,4h8VwCb1MTGoLKueQ1WgbD,https://open.spotify.com/track/4h8VwCb1MTGoLKueQ1WgbD,https://youtu.be/IcrbM1l_BoI?t=6
48,Male,"Dance,Pop,Rock","yes, my full concentration",happy,with some energy,I get happier,I keep the same,Thinking Out Loud,Ed Sheeran,Pop,0.781,0.445,2,-6.061,1,0.0295,0.474,0,0.184,0.591,78.998,281560,4,34gCuhDGsG4bRPIf9bb02f,https://open.spotify.com/track/34gCuhDGsG4bRPIf9bb02f,https://youtu.be/lp-EO5I60KA?t=9
25,Male,"Dance,Latin,Reggaeton","yes, my full concentration",happy,with some energy,I keep the same,I keep the same,Thinking Out Loud,Ed Sheeran,Pop,0.781,0.445,2,-6.061,1,0.0295,0.474,0,0.184,0.591,78.998,281560,4,34gCuhDGsG4bRPIf9bb02f,https://open.spotify.com/track/34gCuhDGsG4bRPIf9bb02f,https://youtu.be/lp-EO5I60KA?t=9
20,Male,"Dance,Rock",some concentration,neutral,calm,I get happier,I keep the same,Happy,Pharrell Williams,Pop,0.647,0.822,5,-4.662,0,0.183,0.219,0,0.0908,0.962,160.019,232720,4,5b88tNINg4Q4nrRbrCXUmg,https://open.spotify.com/track/5b88tNINg4Q4nrRbrCXUmg,https://youtu.be/ZbZSe6N_BXs?t=7
30,Male,"Hard Rock,Pop,Rock",some concentration,happy,with some energy,I get happier,I feel with more energy,Mr. Brightside,The Killers,Rock,0.355,0.918,1,-4.36,1,0.0746,0.00119,0,0.0971,0.24,148.114,222200,4,3n3Ppam7vgaVa1iaRUc9Lp,https://open.spotify.com/track/3n3Ppam7vgaVa1iaRUc9Lp,https://youtu.be/gGdGFtwCNBE?t=5
50,Male,"Latin,Pop,Rock",some concentration,happy,with some energy,I get happier,I get more relaxed,No habr nadie en el mundo,Buika,Latin,0.912,0.532,10,-8.871,0,0.036,0.751,0,0.0868,0.785,129.978,232827,4,0MTWY6gyLmeEHyYJGqM5hU,https://open.spotify.com/track/0MTWY6gyLmeEHyYJGqM5hU,https://youtu.be/B8SVDn34vVQ?t=13
37,Female,Pop,"yes, my full concentration",happy,neutral,I get happier,I feel with more energy,Wonderwall,Oasis,Rock,0.407,0.889,6,-4.362,0,0.0325,0.000691,0,0.189,0.699,174.585,258080,4,37QocLRDF8iFO7pMp1RFrF,https://open.spotify.com/track/37QocLRDF8iFO7pMp1RFrF,https://youtu.be/bx1Bh8ZvH84?t=30
52,Male,"Dance,Pop,Rock",some concentration,happy,with some energy,I get happier,I feel with more energy,We Found Love,Rihanna,Dance,0.756,0.759,1,-4.39,1,0.0411,0.0204,0.00098,0.172,0.582,127.946,215227,4,3t4HeVfURZ5DuqMWz0Cmqg,https://open.spotify.com/track/3t4HeVfURZ5DuqMWz0Cmqg,https://youtu.be/tg00YEETFzg?t=52
23,Male,"Instrumental-Classical,Jazz,Rock","yes, my full concentration",happy,very calm,I get less happy,I get more relaxed,Dance of the Knights,Prokofiev,Instrumental-Classical,0.172,0.159,0,-16.377,1,0.0529,0.818,0.121,0.393,0.151,184.221,342813,3,4gaWbVsdmvsNHktWWg9qcq,https://open.spotify.com/track/4gaWbVsdmvsNHktWWg9qcq,https://youtu.be/DUmq1cpcglQ?t=7
47,Male,"Dance,Pop,Vocal",some concentration,happy,neutral,I keep the same,I keep the same,Happy,Pharrell Williams,Pop,0.647,0.822,5,-4.662,0,0.183,0.219,0,0.0908,0.962,160.019,232720,4,5b88tNINg4Q4nrRbrCXUmg,https://open.spotify.com/track/5b88tNINg4Q4nrRbrCXUmg,https://youtu.be/ZbZSe6N_BXs?t=7
32,Male,"Jazz,Latin,Rock",some concentration,neutral,very calm,I keep the same,I feel with more energy,Titanium,David Guetta,Dance,0.602,0.796,0,-3.657,0,0.103,0.0682,0.12,0.15,0.265,126.06,245053,4,0TDLuuLlV54CkRRUOahJb4,https://open.spotify.com/track/0TDLuuLlV54CkRRUOahJb4,https://youtu.be/JRfuAukYTKg?t=12
43,Female,"Dance,Latin,Pop",some concentration,happy,with a lot of energy,I get less happy,I feel with more energy,La Bicicleta,Shakira & Carlos Vives,Reggaeton,0.736,0.964,0,-2.147,1,0.129,0.198,0.00000232,0.336,0.953,179.935,227707,4,0sXvAOmXgjR2QUqLK1MltU,https://open.spotify.com/track/0sXvAOmXgjR2QUqLK1MltU,https://youtu.be/-UV0QGLmYys?t=13
35,Male,"Pop,Reggae,Rock",some concentration,neutral,with some energy,I get happier,I keep the same,I'm Yours,Jason Mraz,Pop,0.686,0.457,11,-8.322,1,0.0468,0.595,0,0.105,0.718,150.953,242187,4,1EzrEOXmMH3G43AXT1y7pA,https://open.spotify.com/track/1EzrEOXmMH3G43AXT1y7pA,https://youtu.be/EkHTsc9PU2A?t=9
43,Female,"Instrumental-Classical,Pop,Rock",some concentration,happy,with some energy,I get happier,I feel with more energy,Il Mondo,Jimmy Fontana,Vocal,0.188,0.524,2,-10.043,1,0.0367,0.314,0,0.41,0.402,175.971,162773,4,4g8VQKQwS2JfK2dnEhbQmL,https://open.spotify.com/track/4g8VQKQwS2JfK2dnEhbQmL,https://youtu.be/E92bmikkFpU?t=5